Feedback_Date,Customer_ID,Product_ID,Rating,Comments,Cleaned_Comments
16/02/2018,1,P001,1,Like start nearly grow add film.,"['like', 'start', 'nearly', 'grow', 'add', 'film']"
13/04/2018,2,P002,4,Whom still case door certain century mean ability.,"['whom', 'still', 'case', 'door', 'certain', 'century', 'mean', 'ability']"
02/02/2018,3,P003,1,Follow new special beat address.,"['follow', 'new', 'special', 'beat', 'address']"
08/04/2018,4,P004,5,Development strong lose send certain say health.,"['development', 'strong', 'lose', 'send', 'certain', 'say', 'health']"
22/02/2018,5,P005,3,Seem response quickly budget.,"['seem', 'response', 'quickly', 'budget']"
26/02/2018,6,P006,3,Everybody too race perform voice take the camera.,"['everybody', 'too', 'race', 'perform', 'voice', 'take', 'the', 'camera']"
16/06/2018,7,P007,3,Let growth various thank low.,"['let', 'growth', 'various', 'thank', 'low']"
29/06/2018,8,P008,2,Group then minute could wind wall drug.,"['group', 'then', 'minute', 'could', 'wind', 'wall', 'drug']"
01/08/2018,9,P009,5,Account ever wife lawyer yard American by.,"['account', 'ever', 'wife', 'lawyer', 'yard', 'american', 'by']"
17/05/2018,10,P010,5,Though old situation successful respond long heavy past.,"['though', 'old', 'situation', 'successful', 'respond', 'long', 'heavy', 'past']"
22/08/2018,11,P011,2,Much agree start throw color.,"['much', 'agree', 'start', 'throw', 'color']"
07/08/2018,12,P012,4,Newspaper inside we option ever impact central authority.,"['newspaper', 'inside', 'we', 'option', 'ever', 'impact', 'central', 'authority']"
26/07/2018,13,P013,2,Game course provide their catch according.,"['game', 'course', 'provide', 'their', 'catch', 'according']"
07/04/2018,14,P014,1,Produce recently century father positive.,"['produce', 'recently', 'century', 'father', 'positive']"
06/06/2018,15,P015,2,Dinner act find act everything value.,"['dinner', 'act', 'find', 'act', 'everything', 'value']"
25/01/2018,16,P016,1,Many call anyone avoid none around others.,"['many', 'call', 'anyone', 'avoid', 'none', 'around', 'others']"
03/08/2018,17,P017,2,Determine political address return response.,"['determine', 'political', 'address', 'return', 'response']"
15/02/2018,18,P018,2,By station month east agency.,"['by', 'station', 'month', 'east', 'agency']"
05/03/2018,19,P019,5,Sea not court dark interesting east health.,"['sea', 'not', 'court', 'dark', 'interesting', 'east', 'health']"
20/04/2018,20,P020,1,Small quickly meeting say very.,"['small', 'quickly', 'meeting', 'say', 'very']"
15/05/2018,21,P021,4,Most dark budget think analysis through.,"['most', 'dark', 'budget', 'think', 'analysis', 'through']"
22/07/2018,22,P022,1,Want capital common need consider ahead.,"['want', 'capital', 'common', 'need', 'consider', 'ahead']"
11/08/2018,23,P023,5,List admit personal research amount significant thought community.,"['list', 'admit', 'personal', 'research', 'amount', 'significant', 'thought', 'community']"
28/03/2018,24,P024,5,Machine degree first eat college true sing spend.,"['machine', 'degree', 'first', 'eat', 'college', 'true', 'sing', 'spend']"
27/07/2018,25,P025,4,Whole for case account too kitchen.,"['whole', 'for', 'case', 'account', 'too', 'kitchen']"
02/01/2018,26,P026,1,Information final plan cold similar.,"['information', 'final', 'plan', 'cold', 'similar']"
11/05/2018,27,P027,3,By share news any play become hot way.,"['by', 'share', 'news', 'any', 'play', 'become', 'hot', 'way']"
12/01/2018,28,P028,3,Action pull exactly employee clearly expert fill.,"['action', 'pull', 'exactly', 'employee', 'clearly', 'expert', 'fill']"
25/04/2018,29,P029,5,Position bag voice our movie them coach interesting.,"['position', 'bag', 'voice', 'our', 'movie', 'them', 'coach', 'interesting']"
,30,P030,4,Central line listen stock key.,"['central', 'line', 'listen', 'stock', 'key']"
04/07/2018,31,P031,5,Economic kid relate.,"['economic', 'kid', 'relate']"
26/04/2018,32,P032,5,Present even senior generation.,"['present', 'even', 'senior', 'generation']"
21/08/2018,33,P033,2,Suffer physical interview increase tree.,"['suffer', 'physical', 'interview', 'increase', 'tree']"
27/01/2018,34,P034,5,Task focus fill policy federal organization recent.,"['task', 'focus', 'fill', 'policy', 'federal', 'organization', 'recent']"
21/08/2018,35,P035,5,Oil night early instead.,"['oil', 'night', 'early', 'instead']"
18/07/2018,36,P036,4,Off around senior.,"['off', 'around', 'senior']"
20/01/2018,37,P037,4,Sound partner would.,"['sound', 'partner', 'would']"
26/01/2018,38,P038,4,Type past consider well TV.,"['type', 'past', 'consider', 'well', 'tv']"
23/02/2018,39,P039,4,Floor activity need line nor safe ability.,"['floor', 'activity', 'need', 'line', 'nor', 'safe', 'ability']"
13/01/2018,40,P040,5,Fund wife scene hold.,"['fund', 'wife', 'scene', 'hold']"
07/08/2018,41,P041,4,Front include above some exactly to.,"['front', 'include', 'above', 'some', 'exactly', 'to']"
04/06/2018,42,P042,5,Such become force.,"['such', 'become', 'force']"
13/07/2018,43,P043,3,Safe daughter decision talk who campaign.,"['safe', 'daughter', 'decision', 'talk', 'who', 'campaign']"
02/05/2018,44,P044,2,Score I them others interest expert box.,"['score', 'i', 'them', 'others', 'interest', 'expert', 'box']"
,45,P045,2,Concern recently risk participant whatever.,"['concern', 'recently', 'risk', 'participant', 'whatever']"
11/06/2018,46,P046,3,Specific attention really conference suddenly budget analysis final.,"['specific', 'attention', 'really', 'conference', 'suddenly', 'budget', 'analysis', 'final']"
07/04/2018,47,P047,1,Dream actually skill.,"['dream', 'actually', 'skill']"
10/05/2018,48,P048,4,Skin fine the can still support goal capital.,"['skin', 'fine', 'the', 'can', 'still', 'support', 'goal', 'capital']"
09/07/2018,49,P049,5,Ready grow size base often next before.,"['ready', 'grow', 'size', 'base', 'often', 'next', 'before']"
27/04/2018,50,P050,3,Activity pull heavy.,"['activity', 'pull', 'heavy']"
01/02/2018,51,P051,2,Operation dog treat this body.,"['operation', 'dog', 'treat', 'this', 'body']"
07/03/2018,52,P052,3,Live tend peace edge.,"['live', 'tend', 'peace', 'edge']"
01/05/2018,53,P053,5,Nearly black across military do mouth couple work.,"['nearly', 'black', 'across', 'military', 'do', 'mouth', 'couple', 'work']"
21/03/2018,54,P054,5,Drug product fear.,"['drug', 'product', 'fear']"
03/03/2018,55,P055,2,Whether tax light reflect president.,"['whether', 'tax', 'light', 'reflect', 'president']"
09/07/2018,56,P056,2,Business democratic laugh assume security church force leg.,"['business', 'democratic', 'laugh', 'assume', 'security', 'church', 'force', 'leg']"
08/08/2018,57,P057,4,Growth article leader before minute including.,"['growth', 'article', 'leader', 'before', 'minute', 'including']"
03/02/2018,58,P058,2,Affect song water build city yard.,"['affect', 'song', 'water', 'build', 'city', 'yard']"
10/01/2018,59,P059,3,Find south there around her agreement win.,"['find', 'south', 'there', 'around', 'her', 'agreement', 'win']"
11/06/2018,60,P060,4,Win forward child more stage American interest.,"['win', 'forward', 'child', 'more', 'stage', 'american', 'interest']"
18/01/2018,61,P061,3,Serve father remember front.,"['serve', 'father', 'remember', 'front']"
09/06/2018,62,P062,4,Cause civil action how staff.,"['cause', 'civil', 'action', 'how', 'staff']"
21/02/2018,63,P063,4,Those many travel anyone.,"['those', 'many', 'travel', 'anyone']"
15/06/2018,64,P064,5,Second teacher nor child.,"['second', 'teacher', 'nor', 'child']"
10/05/2018,65,P065,4,Relate chance daughter key music best husband.,"['relate', 'chance', 'daughter', 'key', 'music', 'best', 'husband']"
26/07/2018,66,P066,3,Road dinner describe watch forget against something.,"['road', 'dinner', 'describe', 'watch', 'forget', 'against', 'something']"
31/05/2018,67,P067,1,Political high six final particular third yet.,"['political', 'high', 'six', 'final', 'particular', 'third', 'yet']"
13/02/2018,68,P068,1,Attorney industry push hospital.,"['attorney', 'industry', 'push', 'hospital']"
17/03/2018,69,P069,3,Right south show can.,"['right', 'south', 'show', 'can']"
10/03/2018,70,P070,5,Admit mention from full.,"['admit', 'mention', 'from', 'full']"
03/07/2018,71,P071,2,They wife finally.,"['they', 'wife', 'finally']"
07/02/2018,72,P072,4,Throughout drop TV want.,"['throughout', 'drop', 'tv', 'want']"
27/03/2018,73,P073,5,Be offer special quickly.,"['be', 'offer', 'special', 'quickly']"
24/01/2018,74,P074,4,Brother work film evidence forward.,"['brother', 'work', 'film', 'evidence', 'forward']"
24/01/2018,75,P075,1,Sure us story crime who at create.,"['sure', 'us', 'story', 'crime', 'who', 'at', 'create']"
16/03/2018,76,P076,1,Information identify run take who issue.,"['information', 'identify', 'run', 'take', 'who', 'issue']"
07/06/2018,77,P077,2,Late more unit market team soldier shake.,"['late', 'more', 'unit', 'market', 'team', 'soldier', 'shake']"
19/05/2018,78,P078,4,Design would again American.,"['design', 'would', 'again', 'american']"
16/04/2018,79,P079,3,The picture past ten.,"['the', 'picture', 'past', 'ten']"
11/05/2018,80,P080,2,Director place sign dark player.,"['director', 'place', 'sign', 'dark', 'player']"
03/03/2018,81,P081,2,Own choose letter industry morning simple.,"['own', 'choose', 'letter', 'industry', 'morning', 'simple']"
21/03/2018,82,P082,2,Word yourself method.,"['word', 'yourself', 'method']"
29/03/2018,83,P083,1,Perform trip method among recognize nearly consumer.,"['perform', 'trip', 'method', 'among', 'recognize', 'nearly', 'consumer']"
25/02/2018,84,P084,1,Citizen big throughout partner.,"['citizen', 'big', 'throughout', 'partner']"
17/01/2018,85,P085,5,Security ground speech long appear.,"['security', 'ground', 'speech', 'long', 'appear']"
10/05/2018,86,P086,3,Camera add network city amount.,"['camera', 'add', 'network', 'city', 'amount']"
10/03/2018,87,P087,3,Begin meeting move public throw your specific.,"['begin', 'meeting', 'move', 'public', 'throw', 'your', 'specific']"
18/04/2018,88,P088,3,Once company culture than prepare each picture.,"['once', 'company', 'culture', 'than', 'prepare', 'each', 'picture']"
12/01/2018,89,P089,1,Property series five risk inside.,"['property', 'series', 'five', 'risk', 'inside']"
04/07/2018,90,P090,4,Likely trip bank structure difference.,"['likely', 'trip', 'bank', 'structure', 'difference']"
21/02/2018,91,P091,3,Team pretty series travel three group school.,"['team', 'pretty', 'series', 'travel', 'three', 'group', 'school']"
13/04/2018,92,P092,3,Nice ago officer old wife specific.,"['nice', 'ago', 'officer', 'old', 'wife', 'specific']"
19/04/2018,93,P093,1,Design population spend director.,"['design', 'population', 'spend', 'director']"
07/01/2018,94,P094,1,Anyone choice treatment support since official.,"['anyone', 'choice', 'treatment', 'support', 'since', 'official']"
23/02/2018,95,P095,1,Paper personal front single hit.,"['paper', 'personal', 'front', 'single', 'hit']"
26/03/2018,96,P096,1,Chair try create radio become.,"['chair', 'try', 'create', 'radio', 'become']"
05/02/2018,97,P097,4,Around fly everyone phone Mr.,"['around', 'fly', 'everyone', 'phone', 'mr']"
23/03/2018,98,P098,3,Pressure wind card small nice all member room.,"['pressure', 'wind', 'card', 'small', 'nice', 'all', 'member', 'room']"
08/06/2018,99,P099,1,Window she full hundred firm tend.,"['window', 'she', 'full', 'hundred', 'firm', 'tend']"
23/03/2018,100,P100,4,Already scene east affect.,"['already', 'scene', 'east', 'affect']"
11/02/2018,101,P101,1,History success likely what range.,"['history', 'success', 'likely', 'what', 'range']"
13/02/2018,102,P102,4,Story price letter throw.,"['story', 'price', 'letter', 'throw']"
07/02/2018,103,P103,1,Father laugh inside character.,"['father', 'laugh', 'inside', 'character']"
15/05/2018,104,P104,2,Camera describe wait low especially Congress.,"['camera', 'describe', 'wait', 'low', 'especially', 'congress']"
13/02/2018,105,P105,1,Animal or treatment a car affect agent.,"['animal', 'or', 'treatment', 'a', 'car', 'affect', 'agent']"
,106,P106,4,Room anyone official morning.,"['room', 'anyone', 'official', 'morning']"
07/07/2018,107,P107,2,Time focus capital.,"['time', 'focus', 'capital']"
13/08/2018,108,P108,1,Notice stuff born eat beyond keep.,"['notice', 'stuff', 'born', 'eat', 'beyond', 'keep']"
02/02/2018,109,P109,3,Such yard here position religious.,"['such', 'yard', 'here', 'position', 'religious']"
15/05/2018,110,P110,4,Beat parent night Congress house light either.,"['beat', 'parent', 'night', 'congress', 'house', 'light', 'either']"
29/03/2018,111,P111,3,Teach real claim environment hold together.,"['teach', 'real', 'claim', 'environment', 'hold', 'together']"
07/06/2018,112,P112,5,Grow vote kitchen else everyone expect.,"['grow', 'vote', 'kitchen', 'else', 'everyone', 'expect']"
25/05/2018,113,P113,3,North some Republican should life.,"['north', 'some', 'republican', 'should', 'life']"
30/06/2018,114,P114,3,Always involve attorney direction the culture grow.,"['always', 'involve', 'attorney', 'direction', 'the', 'culture', 'grow']"
04/08/2018,115,P115,4,Skin drive know source.,"['skin', 'drive', 'know', 'source']"
06/04/2018,116,P116,2,Reality blood politics measure agreement.,"['reality', 'blood', 'politics', 'measure', 'agreement']"
04/08/2018,117,P117,5,Until training card section increase.,"['until', 'training', 'card', 'section', 'increase']"
04/04/2018,118,P118,4,Space window coach economy often defense.,"['space', 'window', 'coach', 'economy', 'often', 'defense']"
20/08/2018,119,P119,5,Threat American attention natural cover.,"['threat', 'american', 'attention', 'natural', 'cover']"
28/06/2018,120,P120,1,Among half while cause.,"['among', 'half', 'while', 'cause']"
28/03/2018,121,P121,1,Product since hard last research school sing.,"['product', 'since', 'hard', 'last', 'research', 'school', 'sing']"
15/02/2018,122,P122,2,Wind gun record could key.,"['wind', 'gun', 'record', 'could', 'key']"
07/03/2018,123,P123,2,Dog window develop girl floor.,"['dog', 'window', 'develop', 'girl', 'floor']"
10/03/2018,124,P124,1,We miss around team detail region very.,"['we', 'miss', 'around', 'team', 'detail', 'region', 'very']"
12/03/2018,125,P125,5,Conference help fish federal big design.,"['conference', 'help', 'fish', 'federal', 'big', 'design']"
01/07/2018,126,P126,2,Work adult technology building hold perform instead.,"['work', 'adult', 'technology', 'building', 'hold', 'perform', 'instead']"
07/08/2018,127,P127,3,Particularly site hotel product summer cover kind.,"['particularly', 'site', 'hotel', 'product', 'summer', 'cover', 'kind']"
10/04/2018,128,P128,5,Single what not edge.,"['single', 'what', 'not', 'edge']"
01/02/2018,129,P129,1,Nearly anyone wife fall strategy site Mrs.,"['nearly', 'anyone', 'wife', 'fall', 'strategy', 'site', 'mrs']"
25/01/2018,130,P130,1,She step century oil bed affect money.,"['she', 'step', 'century', 'oil', 'bed', 'affect', 'money']"
23/07/2018,131,P131,5,Sea partner admit charge while.,"['sea', 'partner', 'admit', 'charge', 'while']"
24/02/2018,132,P132,5,Any leader response admit factor me.,"['any', 'leader', 'response', 'admit', 'factor', 'me']"
25/07/2018,133,P133,4,Every picture far measure.,"['every', 'picture', 'far', 'measure']"
23/04/2018,134,P134,2,Page what production style.,"['page', 'what', 'production', 'style']"
21/07/2018,135,P135,5,Fact dog leg dark perhaps.,"['fact', 'dog', 'leg', 'dark', 'perhaps']"
24/02/2018,136,P136,5,Plant raise according hundred election must face bar.,"['plant', 'raise', 'according', 'hundred', 'election', 'must', 'face', 'bar']"
01/04/2018,137,P137,1,Spend left there protect middle identify.,"['spend', 'left', 'there', 'protect', 'middle', 'identify']"
26/05/2018,138,P138,5,Too discussion theory religious.,"['too', 'discussion', 'theory', 'religious']"
06/05/2018,139,P139,2,Fact movie eye could.,"['fact', 'movie', 'eye', 'could']"
02/07/2018,140,P140,3,Child maybe concern last lose writer several generation.,"['child', 'maybe', 'concern', 'last', 'lose', 'writer', 'several', 'generation']"
26/07/2018,141,P141,1,Give PM build social adult among challenge.,"['give', 'pm', 'build', 'social', 'adult', 'among', 'challenge']"
05/02/2018,142,P142,1,Art early section save may produce.,"['art', 'early', 'section', 'save', 'may', 'produce']"
18/04/2018,143,P143,3,Surface amount drug relationship hundred vote approach know.,"['surface', 'amount', 'drug', 'relationship', 'hundred', 'vote', 'approach', 'know']"
18/03/2018,144,P144,1,Cost fight feeling spring field.,"['cost', 'fight', 'feeling', 'spring', 'field']"
11/05/2018,145,P145,1,Develop fact party small participant.,"['develop', 'fact', 'party', 'small', 'participant']"
09/07/2018,146,P146,2,Through couple party camera until effect song.,"['through', 'couple', 'party', 'camera', 'until', 'effect', 'song']"
19/02/2018,147,P147,5,Three meet herself of.,"['three', 'meet', 'herself', 'of']"
14/04/2018,148,P148,4,Morning dark a energy early.,"['morning', 'dark', 'a', 'energy', 'early']"
22/02/2018,149,P149,2,A final prove.,"['a', 'final', 'prove']"
24/05/2018,150,P150,4,Street truth certainly here through.,"['street', 'truth', 'certainly', 'here', 'through']"
28/01/2018,151,P151,3,Left near nor early because.,"['left', 'near', 'nor', 'early', 'because']"
30/03/2018,152,P152,5,Food standard stop success particularly.,"['food', 'standard', 'stop', 'success', 'particularly']"
19/05/2018,153,P153,4,Seem energy rule response wife travel office.,"['seem', 'energy', 'rule', 'response', 'wife', 'travel', 'office']"
30/01/2018,154,P154,2,West late send.,"['west', 'late', 'send']"
20/02/2018,155,P155,2,Total admit for quality.,"['total', 'admit', 'for', 'quality']"
19/02/2018,156,P156,5,Significant upon doctor fire.,"['significant', 'upon', 'doctor', 'fire']"
12/08/2018,157,P157,3,Increase thank test kitchen.,"['increase', 'thank', 'test', 'kitchen']"
03/02/2018,158,P158,4,Find guy get day.,"['find', 'guy', 'get', 'day']"
24/03/2018,159,P159,3,Party available assume.,"['party', 'available', 'assume']"
17/07/2018,160,P160,1,Address design realize job.,"['address', 'design', 'realize', 'job']"
08/08/2018,161,P161,5,Place country will my ask identify adult.,"['place', 'country', 'will', 'my', 'ask', 'identify', 'adult']"
23/04/2018,162,P162,3,Charge already one get meet individual.,"['charge', 'already', 'one', 'get', 'meet', 'individual']"
31/05/2018,163,P163,1,Through language class color present.,"['through', 'language', 'class', 'color', 'present']"
28/07/2018,164,P164,2,Fund wish every they sort.,"['fund', 'wish', 'every', 'they', 'sort']"
14/06/2018,165,P165,1,General baby whom head later program any.,"['general', 'baby', 'whom', 'head', 'later', 'program', 'any']"
18/02/2018,166,P166,1,Loss wife experience study drive.,"['loss', 'wife', 'experience', 'study', 'drive']"
04/02/2018,167,P167,1,Report thank use out something executive form.,"['report', 'thank', 'use', 'out', 'something', 'executive', 'form']"
31/07/2018,168,P168,3,Wrong interest need their fire.,"['wrong', 'interest', 'need', 'their', 'fire']"
13/06/2018,169,P169,1,Listen think mean energy.,"['listen', 'think', 'mean', 'energy']"
06/06/2018,170,P170,4,Many live hour measure.,"['many', 'live', 'hour', 'measure']"
21/02/2018,171,P171,1,Feeling between single range beautiful article.,"['feeling', 'between', 'single', 'range', 'beautiful', 'article']"
18/08/2018,172,P172,2,Mean her around style.,"['mean', 'her', 'around', 'style']"
15/08/2018,173,P173,5,Program talk democratic front.,"['program', 'talk', 'democratic', 'front']"
06/06/2018,174,P174,2,Decade everything stay almost.,"['decade', 'everything', 'stay', 'almost']"
04/03/2018,175,P175,4,Tend myself discussion carry authority for just newspaper.,"['tend', 'myself', 'discussion', 'carry', 'authority', 'for', 'just', 'newspaper']"
22/06/2018,176,P176,1,Collection happy city war.,"['collection', 'happy', 'city', 'war']"
03/02/2018,177,P177,5,Third cover financial court response.,"['third', 'cover', 'financial', 'court', 'response']"
15/02/2018,178,P178,3,Generation fall season eye call whatever authority.,"['generation', 'fall', 'season', 'eye', 'call', 'whatever', 'authority']"
12/05/2018,179,P179,2,Have figure represent join board get word.,"['have', 'figure', 'represent', 'join', 'board', 'get', 'word']"
17/02/2018,180,P180,2,Remember drive himself huge education sometimes.,"['remember', 'drive', 'himself', 'huge', 'education', 'sometimes']"
13/05/2018,181,P181,5,Let purpose listen place.,"['let', 'purpose', 'listen', 'place']"
10/06/2018,182,P182,2,Husband read sound group black black compare.,"['husband', 'read', 'sound', 'group', 'black', 'black', 'compare']"
25/01/2018,183,P183,3,Technology game above be.,"['technology', 'game', 'above', 'be']"
24/05/2018,184,P184,3,These radio many prove bad.,"['these', 'radio', 'many', 'prove', 'bad']"
12/04/2018,185,P185,4,Outside executive around make but.,"['outside', 'executive', 'around', 'make', 'but']"
06/03/2018,186,P186,3,Including either go soldier form amount.,"['including', 'either', 'go', 'soldier', 'form', 'amount']"
07/02/2018,187,P187,5,Really church term indeed ahead wind Mrs.,"['really', 'church', 'term', 'indeed', 'ahead', 'wind', 'mrs']"
08/03/2018,188,P188,4,Mind determine mother trouble fill.,"['mind', 'determine', 'mother', 'trouble', 'fill']"
02/03/2018,189,P189,2,By at raise during church player even.,"['by', 'at', 'raise', 'during', 'church', 'player', 'even']"
23/07/2018,190,P190,2,Develop finish station.,"['develop', 'finish', 'station']"
30/01/2018,191,P191,4,Husband from third agree record party.,"['husband', 'from', 'third', 'agree', 'record', 'party']"
07/02/2018,192,P192,3,City someone meeting old.,"['city', 'someone', 'meeting', 'old']"
14/08/2018,193,P193,2,Enjoy road hold machine.,"['enjoy', 'road', 'hold', 'machine']"
07/07/2018,194,P194,2,However industry from serve.,"['however', 'industry', 'from', 'serve']"
,195,P195,2,Pass soldier technology especially road.,"['pass', 'soldier', 'technology', 'especially', 'road']"
03/07/2018,196,P196,4,Increase eat set suffer staff eye sea best.,"['increase', 'eat', 'set', 'suffer', 'staff', 'eye', 'sea', 'best']"
21/03/2018,197,P197,3,Detail middle ask my.,"['detail', 'middle', 'ask', 'my']"
07/03/2018,198,P198,1,Home answer order today he itself top.,"['home', 'answer', 'order', 'today', 'he', 'itself', 'top']"
09/01/2018,199,P199,4,During PM culture.,"['during', 'pm', 'culture']"
01/07/2018,200,P200,3,Method total measure reason modern figure.,"['method', 'total', 'measure', 'reason', 'modern', 'figure']"
16/02/2018,201,P201,1,Think offer hold skin week may.,"['think', 'offer', 'hold', 'skin', 'week', 'may']"
14/04/2018,202,P202,1,Issue because crime professor area front.,"['issue', 'because', 'crime', 'professor', 'area', 'front']"
03/08/2018,203,P203,1,Environmental close population traditional method dinner strategy.,"['environmental', 'close', 'population', 'traditional', 'method', 'dinner', 'strategy']"
08/04/2018,204,P204,2,Customer heavy purpose whose market idea.,"['customer', 'heavy', 'purpose', 'whose', 'market', 'idea']"
31/07/2018,205,P205,4,Success resource idea defense.,"['success', 'resource', 'idea', 'defense']"
01/07/2018,206,P206,2,Prepare treat seven page when.,"['prepare', 'treat', 'seven', 'page', 'when']"
12/06/2018,207,P207,2,Quite court admit course score.,"['quite', 'court', 'admit', 'course', 'score']"
08/02/2018,208,P208,2,Man former suddenly live turn high road.,"['man', 'former', 'suddenly', 'live', 'turn', 'high', 'road']"
02/02/2018,209,P209,2,Box personal foot firm public.,"['box', 'personal', 'foot', 'firm', 'public']"
15/07/2018,210,P210,2,Challenge body painting enough.,"['challenge', 'body', 'painting', 'enough']"
15/07/2018,211,P211,5,Top inside as easy pay but likely.,"['top', 'inside', 'as', 'easy', 'pay', 'but', 'likely']"
10/06/2018,212,P212,4,Toward which within also executive skin.,"['toward', 'which', 'within', 'also', 'executive', 'skin']"
04/08/2018,213,P213,2,Young big manage.,"['young', 'big', 'manage']"
19/04/2018,214,P214,4,Result talk challenge choose camera herself station.,"['result', 'talk', 'challenge', 'choose', 'camera', 'herself', 'station']"
25/01/2018,215,P215,3,Sure game page daughter.,"['sure', 'game', 'page', 'daughter']"
24/03/2018,216,P216,1,Drug movie yes officer recognize agreement.,"['drug', 'movie', 'yes', 'officer', 'recognize', 'agreement']"
11/06/2018,217,P217,5,Western late accept still.,"['western', 'late', 'accept', 'still']"
31/05/2018,218,P218,1,Generation measure single resource have event might investment.,"['generation', 'measure', 'single', 'resource', 'have', 'event', 'might', 'investment']"
05/02/2018,219,P219,1,Table wrong suggest level.,"['table', 'wrong', 'suggest', 'level']"
09/05/2018,220,P220,5,Hair seek audience group.,"['hair', 'seek', 'audience', 'group']"
14/02/2018,221,P221,1,Little sign marriage until own.,"['little', 'sign', 'marriage', 'until', 'own']"
26/02/2018,222,P222,2,Perform approach consider it.,"['perform', 'approach', 'consider', 'it']"
15/02/2018,223,P223,4,Perform a cost similar science nature myself.,"['perform', 'a', 'cost', 'similar', 'science', 'nature', 'myself']"
08/04/2018,224,P224,5,Clear condition mother fall million either student per.,"['clear', 'condition', 'mother', 'fall', 'million', 'either', 'student', 'per']"
24/08/2018,225,P225,3,By movie subject magazine know evidence PM.,"['by', 'movie', 'subject', 'magazine', 'know', 'evidence', 'pm']"
25/01/2018,226,P226,5,Action human home political good campaign eat.,"['action', 'human', 'home', 'political', 'good', 'campaign', 'eat']"
22/03/2018,227,P227,4,Stand ok green song.,"['stand', 'ok', 'green', 'song']"
24/02/2018,228,P228,5,Book throw something situation then at beyond.,"['book', 'throw', 'something', 'situation', 'then', 'at', 'beyond']"
10/07/2018,229,P229,4,Question environmental carry option piece compare wonder if.,"['question', 'environmental', 'carry', 'option', 'piece', 'compare', 'wonder', 'if']"
30/07/2018,230,P230,2,Decade back current interest thank marriage.,"['decade', 'back', 'current', 'interest', 'thank', 'marriage']"
06/06/2018,231,P231,2,Finally together media final manage indicate like rule.,"['finally', 'together', 'media', 'final', 'manage', 'indicate', 'like', 'rule']"
02/04/2018,232,P232,3,Strategy difference past hot western.,"['strategy', 'difference', 'past', 'hot', 'western']"
18/04/2018,233,P233,1,Which accept expect toward focus rate.,"['which', 'accept', 'expect', 'toward', 'focus', 'rate']"
19/07/2018,234,P234,1,Part mean myself financial.,"['part', 'mean', 'myself', 'financial']"
12/05/2018,235,P235,2,Firm music out.,"['firm', 'music', 'out']"
19/07/2018,236,P236,5,Defense always he event mention matter.,"['defense', 'always', 'he', 'event', 'mention', 'matter']"
02/02/2018,237,P237,5,Although type staff wall.,"['although', 'type', 'staff', 'wall']"
12/07/2018,238,P238,3,Shoulder score own white matter.,"['shoulder', 'score', 'own', 'white', 'matter']"
26/06/2018,239,P239,1,Door relationship third same reveal.,"['door', 'relationship', 'third', 'same', 'reveal']"
20/01/2018,240,P240,1,Century seek plant strong which sister new.,"['century', 'seek', 'plant', 'strong', 'which', 'sister', 'new']"
13/03/2018,241,P241,4,Crime heart say no employee.,"['crime', 'heart', 'say', 'no', 'employee']"
08/06/2018,242,P242,1,Training anyone name radio half ground.,"['training', 'anyone', 'name', 'radio', 'half', 'ground']"
05/06/2018,243,P243,5,Ready student decision throw possible seek.,"['ready', 'student', 'decision', 'throw', 'possible', 'seek']"
13/07/2018,244,P244,4,Behind pressure great step again rather.,"['behind', 'pressure', 'great', 'step', 'again', 'rather']"
10/08/2018,245,P245,2,Meet much now which thousand.,"['meet', 'much', 'now', 'which', 'thousand']"
19/06/2018,246,P246,3,Morning these bring act generation herself later area.,"['morning', 'these', 'bring', 'act', 'generation', 'herself', 'later', 'area']"
09/05/2018,247,P247,3,After station thousand leave nature star recently.,"['after', 'station', 'thousand', 'leave', 'nature', 'star', 'recently']"
19/06/2018,248,P248,3,Station send glass through.,"['station', 'send', 'glass', 'through']"
10/05/2018,249,P249,4,Box production spend glass alone hot whose.,"['box', 'production', 'spend', 'glass', 'alone', 'hot', 'whose']"
19/01/2018,250,P250,3,Enter ever statement spring put might machine since.,"['enter', 'ever', 'statement', 'spring', 'put', 'might', 'machine', 'since']"
19/05/2018,251,P251,3,Fund director general president fire any.,"['fund', 'director', 'general', 'president', 'fire', 'any']"
17/07/2018,252,P252,3,Local leader early food over pattern challenge.,"['local', 'leader', 'early', 'food', 'over', 'pattern', 'challenge']"
08/02/2018,253,P253,4,Radio smile difficult capital.,"['radio', 'smile', 'difficult', 'capital']"
21/05/2018,254,P254,3,Charge finish six operation already ready process.,"['charge', 'finish', 'six', 'operation', 'already', 'ready', 'process']"
16/08/2018,255,P255,1,Continue third yet.,"['continue', 'third', 'yet']"
03/07/2018,256,P256,3,On smile fill population from yet.,"['on', 'smile', 'fill', 'population', 'from', 'yet']"
08/02/2018,257,P257,5,Reveal after value adult.,"['reveal', 'after', 'value', 'adult']"
09/03/2018,258,P258,4,Two ready camera.,"['two', 'ready', 'camera']"
15/03/2018,259,P259,3,Hot score source attorney between.,"['hot', 'score', 'source', 'attorney', 'between']"
04/06/2018,260,P260,2,Important start where necessary camera quite recognize.,"['important', 'start', 'where', 'necessary', 'camera', 'quite', 'recognize']"
09/05/2018,261,P261,2,Democrat career sign charge beyond case.,"['democrat', 'career', 'sign', 'charge', 'beyond', 'case']"
22/01/2018,262,P262,5,Life best actually main past.,"['life', 'best', 'actually', 'main', 'past']"
23/02/2018,263,P263,1,Plant question open put huge.,"['plant', 'question', 'open', 'put', 'huge']"
08/04/2018,264,P264,4,Week role development Mr.,"['week', 'role', 'development', 'mr']"
05/05/2018,265,P265,2,Term value majority bit road field.,"['term', 'value', 'majority', 'bit', 'road', 'field']"
16/08/2018,266,P266,5,Occur cup appear seven future well government argue.,"['occur', 'cup', 'appear', 'seven', 'future', 'well', 'government', 'argue']"
29/01/2018,267,P267,2,Teach somebody car determine.,"['teach', 'somebody', 'car', 'determine']"
09/08/2018,268,P268,5,Should happy give although fear part resource.,"['should', 'happy', 'give', 'although', 'fear', 'part', 'resource']"
26/03/2018,269,P269,4,Drug catch arrive that.,"['drug', 'catch', 'arrive', 'that']"
24/05/2018,270,P270,3,Follow everyone chance box move read.,"['follow', 'everyone', 'chance', 'box', 'move', 'read']"
13/02/2018,271,P271,4,Second model mother save forget respond.,"['second', 'model', 'mother', 'save', 'forget', 'respond']"
27/03/2018,272,P272,2,Notice degree success majority.,"['notice', 'degree', 'success', 'majority']"
26/01/2018,273,P273,4,Career including performance along increase ask strong.,"['career', 'including', 'performance', 'along', 'increase', 'ask', 'strong']"
05/08/2018,274,P274,3,Form drug cut science.,"['form', 'drug', 'cut', 'science']"
01/01/2018,275,P275,4,Four these loss chair decision quickly.,"['four', 'these', 'loss', 'chair', 'decision', 'quickly']"
06/04/2018,276,P276,2,Must blue interview you poor site provide.,"['must', 'blue', 'interview', 'you', 'poor', 'site', 'provide']"
13/06/2018,277,P277,4,Section morning represent decade prevent floor.,"['section', 'morning', 'represent', 'decade', 'prevent', 'floor']"
28/01/2018,278,P278,3,Show to yet wish.,"['show', 'to', 'yet', 'wish']"
10/04/2018,279,P279,5,Require off since six.,"['require', 'off', 'since', 'six']"
17/07/2018,280,P280,3,Play court stage call at.,"['play', 'court', 'stage', 'call', 'at']"
04/01/2018,281,P281,2,Head president agreement test life away issue.,"['head', 'president', 'agreement', 'test', 'life', 'away', 'issue']"
08/07/2018,282,P282,1,Garden family quality my clear do.,"['garden', 'family', 'quality', 'my', 'clear', 'do']"
15/04/2018,283,P283,2,Huge the race order by prevent very guy.,"['huge', 'the', 'race', 'order', 'by', 'prevent', 'very', 'guy']"
17/04/2018,284,P284,4,Watch notice or your me toward.,"['watch', 'notice', 'or', 'your', 'me', 'toward']"
17/03/2018,285,P285,5,Compare behavior serve believe.,"['compare', 'behavior', 'serve', 'believe']"
05/02/2018,286,P286,4,You spring both many.,"['you', 'spring', 'both', 'many']"
05/04/2018,287,P287,1,Cold many house soldier piece accept direction.,"['cold', 'many', 'house', 'soldier', 'piece', 'accept', 'direction']"
09/02/2018,288,P288,4,Perform stop career.,"['perform', 'stop', 'career']"
04/04/2018,289,P289,3,Movie lose ask coach.,"['movie', 'lose', 'ask', 'coach']"
01/08/2018,290,P290,2,Inside growth build century order near.,"['inside', 'growth', 'build', 'century', 'order', 'near']"
08/08/2018,291,P291,4,Play any science save traditional.,"['play', 'any', 'science', 'save', 'traditional']"
17/08/2018,292,P292,1,Study particular tell participant we back.,"['study', 'particular', 'tell', 'participant', 'we', 'back']"
27/02/2018,293,P293,4,Name three each soon near together.,"['name', 'three', 'each', 'soon', 'near', 'together']"
31/05/2018,294,P294,2,Response face base seem.,"['response', 'face', 'base', 'seem']"
04/08/2018,295,P295,4,Couple figure between recently.,"['couple', 'figure', 'between', 'recently']"
23/03/2018,296,P296,2,Several southern account book.,"['several', 'southern', 'account', 'book']"
13/05/2018,297,P297,3,Animal loss war child.,"['animal', 'loss', 'war', 'child']"
17/04/2018,298,P298,1,Play teach lay indicate write opportunity throw.,"['play', 'teach', 'lay', 'indicate', 'write', 'opportunity', 'throw']"
25/07/2018,299,P299,4,Because certainly office market company traditional.,"['because', 'certainly', 'office', 'market', 'company', 'traditional']"
09/07/2018,300,P300,4,Traditional near population main place number.,"['traditional', 'near', 'population', 'main', 'place', 'number']"
07/08/2018,301,P301,3,Reveal movement specific today bad.,"['reveal', 'movement', 'specific', 'today', 'bad']"
12/07/2018,302,P302,4,Glass throughout new something safe practice become.,"['glass', 'throughout', 'new', 'something', 'safe', 'practice', 'become']"
08/02/2018,303,P303,5,Head financial smile try second friend.,"['head', 'financial', 'smile', 'try', 'second', 'friend']"
01/08/2018,304,P304,5,Effort realize position myself live.,"['effort', 'realize', 'position', 'myself', 'live']"
26/03/2018,305,P305,4,Officer simply especially together test sense idea.,"['officer', 'simply', 'especially', 'together', 'test', 'sense', 'idea']"
25/02/2018,306,P306,3,Gun model benefit cup family kind.,"['gun', 'model', 'benefit', 'cup', 'family', 'kind']"
21/01/2018,307,P307,3,Article you impact.,"['article', 'you', 'impact']"
22/04/2018,308,P308,2,Perform attack real.,"['perform', 'attack', 'real']"
08/06/2018,309,P309,4,Simply yet environment skill property even.,"['simply', 'yet', 'environment', 'skill', 'property', 'even']"
06/07/2018,310,P310,3,Important itself run create specific race seven space.,"['important', 'itself', 'run', 'create', 'specific', 'race', 'seven', 'space']"
27/03/2018,311,P311,3,Everyone reflect reason.,"['everyone', 'reflect', 'reason']"
03/02/2018,312,P312,2,Attention fish best whole.,"['attention', 'fish', 'best', 'whole']"
26/03/2018,313,P313,4,Company in light at chair.,"['company', 'in', 'light', 'at', 'chair']"
25/04/2018,314,P314,2,Do door support religious travel take.,"['do', 'door', 'support', 'religious', 'travel', 'take']"
26/04/2018,315,P315,5,Today source hair manager year situation research.,"['today', 'source', 'hair', 'manager', 'year', 'situation', 'research']"
09/01/2018,316,P316,2,Ball economy government under.,"['ball', 'economy', 'government', 'under']"
21/03/2018,317,P317,2,Reach around gas.,"['reach', 'around', 'gas']"
28/03/2018,318,P318,4,Cold sister reflect himself discuss.,"['cold', 'sister', 'reflect', 'himself', 'discuss']"
19/05/2018,319,P319,2,Five meet support among though.,"['five', 'meet', 'support', 'among', 'though']"
22/08/2018,320,P320,1,Major kid company rich in career popular.,"['major', 'kid', 'company', 'rich', 'in', 'career', 'popular']"
02/07/2018,321,P321,5,Even body address reflect stay sense.,"['even', 'body', 'address', 'reflect', 'stay', 'sense']"
05/08/2018,322,P322,2,Hot first during expert available this agreement.,"['hot', 'first', 'during', 'expert', 'available', 'this', 'agreement']"
26/07/2018,323,P323,3,If show they remember land very poor.,"['if', 'show', 'they', 'remember', 'land', 'very', 'poor']"
12/07/2018,324,P324,3,We account prevent radio night.,"['we', 'account', 'prevent', 'radio', 'night']"
29/01/2018,325,P325,1,Star ability arrive why price listen.,"['star', 'ability', 'arrive', 'why', 'price', 'listen']"
24/01/2018,326,P326,3,Some sea enjoy boy woman admit.,"['some', 'sea', 'enjoy', 'boy', 'woman', 'admit']"
28/04/2018,327,P327,2,Build note who pass among provide factor leg.,"['build', 'note', 'who', 'pass', 'among', 'provide', 'factor', 'leg']"
26/06/2018,328,P328,3,Lawyer use value serious tough.,"['lawyer', 'use', 'value', 'serious', 'tough']"
05/01/2018,329,P329,3,Would way all admit decide voice one skin.,"['would', 'way', 'all', 'admit', 'decide', 'voice', 'one', 'skin']"
30/04/2018,330,P330,4,Both chair democratic result serve shoulder admit.,"['both', 'chair', 'democratic', 'result', 'serve', 'shoulder', 'admit']"
22/08/2018,331,P331,4,Pass traditional similar value law.,"['pass', 'traditional', 'similar', 'value', 'law']"
12/03/2018,332,P332,4,Evidence describe notice radio movement worry.,"['evidence', 'describe', 'notice', 'radio', 'movement', 'worry']"
08/06/2018,333,P333,2,Affect after according yes and.,"['affect', 'after', 'according', 'yes', 'and']"
11/08/2018,334,P334,3,Along important painting today American write.,"['along', 'important', 'painting', 'today', 'american', 'write']"
13/03/2018,335,P335,5,Clear capital sell run challenge.,"['clear', 'capital', 'sell', 'run', 'challenge']"
19/07/2018,336,P336,3,Start market set collection Republican against.,"['start', 'market', 'set', 'collection', 'republican', 'against']"
26/03/2018,337,P337,2,Especially any series drop.,"['especially', 'any', 'series', 'drop']"
23/02/2018,338,P338,3,Nothing into garden black population.,"['nothing', 'into', 'garden', 'black', 'population']"
25/04/2018,339,P339,5,Social difference alone.,"['social', 'difference', 'alone']"
03/07/2018,340,P340,1,Improve lead determine attack operation well focus.,"['improve', 'lead', 'determine', 'attack', 'operation', 'well', 'focus']"
08/01/2018,341,P341,4,Most able difference.,"['most', 'able', 'difference']"
13/06/2018,342,P342,4,Debate store reveal would fact.,"['debate', 'store', 'reveal', 'would', 'fact']"
02/03/2018,343,P343,1,Television example night learn.,"['television', 'example', 'night', 'learn']"
29/05/2018,344,P344,3,Executive campaign image bag a money more mind.,"['executive', 'campaign', 'image', 'bag', 'a', 'money', 'more', 'mind']"
06/07/2018,345,P345,2,Price floor reality.,"['price', 'floor', 'reality']"
21/07/2018,346,P346,4,Animal concern wife similar election past top drive.,"['animal', 'concern', 'wife', 'similar', 'election', 'past', 'top', 'drive']"
01/05/2018,347,P347,4,Establish attorney pull simply seat act.,"['establish', 'attorney', 'pull', 'simply', 'seat', 'act']"
20/03/2018,348,P348,4,Home politics assume defense.,"['home', 'politics', 'assume', 'defense']"
13/08/2018,349,P349,2,Figure degree pretty several decide.,"['figure', 'degree', 'pretty', 'several', 'decide']"
10/03/2018,350,P350,4,Recent pull activity red staff agent particular.,"['recent', 'pull', 'activity', 'red', 'staff', 'agent', 'particular']"
23/02/2018,351,P351,5,We lawyer local public single size.,"['we', 'lawyer', 'local', 'public', 'single', 'size']"
10/01/2018,352,P352,4,Oil another read my hear why rise.,"['oil', 'another', 'read', 'my', 'hear', 'why', 'rise']"
01/06/2018,353,P353,4,Drive especially easy sport case heavy.,"['drive', 'especially', 'easy', 'sport', 'case', 'heavy']"
02/07/2018,354,P354,1,Anything suddenly positive painting operation director health.,"['anything', 'suddenly', 'positive', 'painting', 'operation', 'director', 'health']"
20/01/2018,355,P355,2,Determine do shake owner carry.,"['determine', 'do', 'shake', 'owner', 'carry']"
28/07/2018,356,P356,5,Service discover upon open.,"['service', 'discover', 'upon', 'open']"
05/01/2018,357,P357,5,Plant fine still care.,"['plant', 'fine', 'still', 'care']"
19/01/2018,358,P358,4,Professor act responsibility travel discussion.,"['professor', 'act', 'responsibility', 'travel', 'discussion']"
18/02/2018,359,P359,5,Available three entire resource of soldier.,"['available', 'three', 'entire', 'resource', 'of', 'soldier']"
30/06/2018,360,P360,4,Beautiful land behind wear project.,"['beautiful', 'land', 'behind', 'wear', 'project']"
30/04/2018,361,P361,1,Sound long money create Congress.,"['sound', 'long', 'money', 'create', 'congress']"
03/06/2018,362,P362,2,Recognize style cost return difficult.,"['recognize', 'style', 'cost', 'return', 'difficult']"
11/07/2018,363,P363,5,Office standard laugh.,"['office', 'standard', 'laugh']"
04/05/2018,364,P364,4,Score I various think.,"['score', 'i', 'various', 'think']"
30/05/2018,365,P365,4,Indicate chance training prevent happen.,"['indicate', 'chance', 'training', 'prevent', 'happen']"
22/06/2018,366,P366,5,Remember force sea notice pressure training word.,"['remember', 'force', 'sea', 'notice', 'pressure', 'training', 'word']"
18/01/2018,367,P367,1,Important recognize agree they move.,"['important', 'recognize', 'agree', 'they', 'move']"
06/07/2018,368,P368,5,Read fund wide somebody.,"['read', 'fund', 'wide', 'somebody']"
17/03/2018,369,P369,1,Wife outside bank player somebody note.,"['wife', 'outside', 'bank', 'player', 'somebody', 'note']"
28/03/2018,370,P370,1,Fish instead brother listen glass suffer itself.,"['fish', 'instead', 'brother', 'listen', 'glass', 'suffer', 'itself']"
04/07/2018,371,P371,5,Reflect finish professional message join difficult police ball.,"['reflect', 'finish', 'professional', 'message', 'join', 'difficult', 'police', 'ball']"
12/03/2018,372,P372,3,Style exist food way best quality check.,"['style', 'exist', 'food', 'way', 'best', 'quality', 'check']"
18/02/2018,373,P373,2,Road couple owner election computer region.,"['road', 'couple', 'owner', 'election', 'computer', 'region']"
03/06/2018,374,P374,5,Guy number special age crime blue within.,"['guy', 'number', 'special', 'age', 'crime', 'blue', 'within']"
16/07/2018,375,P375,2,View key have care budget movement.,"['view', 'key', 'have', 'care', 'budget', 'movement']"
12/07/2018,376,P376,1,Better party maintain live year really.,"['better', 'party', 'maintain', 'live', 'year', 'really']"
17/01/2018,377,P377,1,Crime generation senior phone.,"['crime', 'generation', 'senior', 'phone']"
06/03/2018,378,P378,4,Road keep senior system talk board add.,"['road', 'keep', 'senior', 'system', 'talk', 'board', 'add']"
06/04/2018,379,P379,2,Here believe price before.,"['here', 'believe', 'price', 'before']"
24/07/2018,380,P380,2,Find answer rest city.,"['find', 'answer', 'rest', 'city']"
07/04/2018,381,P381,3,Laugh election civil determine situation.,"['laugh', 'election', 'civil', 'determine', 'situation']"
11/07/2018,382,P382,4,Operation suggest full enjoy since.,"['operation', 'suggest', 'full', 'enjoy', 'since']"
12/07/2018,383,P383,3,Partner eat American suffer future through.,"['partner', 'eat', 'american', 'suffer', 'future', 'through']"
13/02/2018,384,P384,4,Our hand very analysis prove low yeah.,"['our', 'hand', 'very', 'analysis', 'prove', 'low', 'yeah']"
13/07/2018,385,P385,2,Executive leader stop early today official protect.,"['executive', 'leader', 'stop', 'early', 'today', 'official', 'protect']"
21/03/2018,386,P386,2,Market several help project I series.,"['market', 'several', 'help', 'project', 'i', 'series']"
01/03/2018,387,P387,4,White player quality simple night down much these.,"['white', 'player', 'quality', 'simple', 'night', 'down', 'much', 'these']"
18/06/2018,388,P388,1,Wear pick animal behavior fact figure.,"['wear', 'pick', 'animal', 'behavior', 'fact', 'figure']"
05/02/2018,389,P389,4,Some lose word store.,"['some', 'lose', 'word', 'store']"
19/04/2018,390,P390,1,Central these today analysis her interview upon song.,"['central', 'these', 'today', 'analysis', 'her', 'interview', 'upon', 'song']"
16/08/2018,391,P391,1,Table garden future become we.,"['table', 'garden', 'future', 'become', 'we']"
17/05/2018,392,P392,4,Lot skin piece listen administration.,"['lot', 'skin', 'piece', 'listen', 'administration']"
09/01/2018,393,P393,3,Former eat type bar apply treatment.,"['former', 'eat', 'type', 'bar', 'apply', 'treatment']"
06/04/2018,394,P394,3,Edge television could report less.,"['edge', 'television', 'could', 'report', 'less']"
03/03/2018,395,P395,1,He toward continue born inside.,"['he', 'toward', 'continue', 'born', 'inside']"
13/03/2018,396,P396,1,Few each recognize table keep yeah.,"['few', 'each', 'recognize', 'table', 'keep', 'yeah']"
16/03/2018,397,P397,2,Source writer employee rule public.,"['source', 'writer', 'employee', 'rule', 'public']"
08/05/2018,398,P398,1,Including through ago.,"['including', 'through', 'ago']"
20/02/2018,399,P399,2,Exactly how friend push.,"['exactly', 'how', 'friend', 'push']"
07/07/2018,400,P400,5,Happy since too people.,"['happy', 'since', 'too', 'people']"
18/04/2018,401,P401,1,Suddenly difference go cut feel thus debate.,"['suddenly', 'difference', 'go', 'cut', 'feel', 'thus', 'debate']"
02/07/2018,402,P402,3,Call common economic environmental often.,"['call', 'common', 'economic', 'environmental', 'often']"
07/04/2018,403,P403,3,May anything here citizen write shoulder.,"['may', 'anything', 'here', 'citizen', 'write', 'shoulder']"
14/06/2018,404,P404,3,Check Democrat card partner.,"['check', 'democrat', 'card', 'partner']"
09/01/2018,405,P405,5,School article skill toward daughter black increase.,"['school', 'article', 'skill', 'toward', 'daughter', 'black', 'increase']"
24/06/2018,406,P406,3,Note medical at plan expect never.,"['note', 'medical', 'at', 'plan', 'expect', 'never']"
06/01/2018,407,P407,3,Meeting trip environment black past.,"['meeting', 'trip', 'environment', 'black', 'past']"
22/08/2018,408,P408,1,Serve would lead decide structure military admit bit.,"['serve', 'would', 'lead', 'decide', 'structure', 'military', 'admit', 'bit']"
19/07/2018,409,P409,2,Market piece cultural attention job sing.,"['market', 'piece', 'cultural', 'attention', 'job', 'sing']"
21/03/2018,410,P410,2,Behind fear effort rich real raise government.,"['behind', 'fear', 'effort', 'rich', 'real', 'raise', 'government']"
16/02/2018,411,P411,1,Tv listen until relate bank.,"['tv', 'listen', 'until', 'relate', 'bank']"
20/07/2018,412,P412,2,Develop oil goal film over lose.,"['develop', 'oil', 'goal', 'film', 'over', 'lose']"
19/01/2018,413,P413,2,Push expert hospital heavy ahead lot.,"['push', 'expert', 'hospital', 'heavy', 'ahead', 'lot']"
15/03/2018,414,P414,5,Impact join entire range four somebody.,"['impact', 'join', 'entire', 'range', 'four', 'somebody']"
28/01/2018,415,P415,1,Truth rise religious partner well.,"['truth', 'rise', 'religious', 'partner', 'well']"
06/03/2018,416,P416,4,Wish talk who.,"['wish', 'talk', 'who']"
23/06/2018,417,P417,3,Contain too garden walk account north.,"['contain', 'too', 'garden', 'walk', 'account', 'north']"
27/06/2018,418,P418,3,Born trip college end behavior health onto response.,"['born', 'trip', 'college', 'end', 'behavior', 'health', 'onto', 'response']"
30/06/2018,419,P419,5,Wall allow campaign day popular collection score.,"['wall', 'allow', 'campaign', 'day', 'popular', 'collection', 'score']"
17/01/2018,420,P420,5,Establish so act accept country.,"['establish', 'so', 'act', 'accept', 'country']"
15/06/2018,421,P421,3,Specific cut attention box stuff avoid.,"['specific', 'cut', 'attention', 'box', 'stuff', 'avoid']"
01/05/2018,422,P422,3,Concern perhaps phone the four.,"['concern', 'perhaps', 'phone', 'the', 'four']"
08/06/2018,423,P423,2,Seem leg baby none art bad but amount.,"['seem', 'leg', 'baby', 'none', 'art', 'bad', 'but', 'amount']"
15/01/2018,424,P424,4,Over really development to top.,"['over', 'really', 'development', 'to', 'top']"
06/05/2018,425,P425,2,Really bag few ball few sell radio.,"['really', 'bag', 'few', 'ball', 'few', 'sell', 'radio']"
13/05/2018,426,P426,2,Certain art consider forward deep indicate.,"['certain', 'art', 'consider', 'forward', 'deep', 'indicate']"
07/08/2018,427,P427,5,Fall call catch community five.,"['fall', 'call', 'catch', 'community', 'five']"
01/04/2018,428,P428,5,Throughout tend relate attention artist.,"['throughout', 'tend', 'relate', 'attention', 'artist']"
17/08/2018,429,P429,3,Each simply or whose arrive result half bed.,"['each', 'simply', 'or', 'whose', 'arrive', 'result', 'half', 'bed']"
17/03/2018,430,P430,5,Almost indicate who walk turn.,"['almost', 'indicate', 'who', 'walk', 'turn']"
29/01/2018,431,P431,2,Guy follow stay imagine white mother.,"['guy', 'follow', 'stay', 'imagine', 'white', 'mother']"
09/02/2018,432,P432,2,Picture positive deal value.,"['picture', 'positive', 'deal', 'value']"
03/05/2018,433,P433,4,Page thing certain sister word us.,"['page', 'thing', 'certain', 'sister', 'word', 'us']"
17/02/2018,434,P434,5,Tv bank firm friend spring perform soldier.,"['tv', 'bank', 'firm', 'friend', 'spring', 'perform', 'soldier']"
15/03/2018,435,P435,2,At safe interesting sense bag at.,"['at', 'safe', 'interesting', 'sense', 'bag', 'at']"
19/08/2018,436,P436,5,Bad yourself go expect nature mention view claim.,"['bad', 'yourself', 'go', 'expect', 'nature', 'mention', 'view', 'claim']"
20/01/2018,437,P437,4,Behavior community doctor as we if.,"['behavior', 'community', 'doctor', 'as', 'we', 'if']"
07/02/2018,438,P438,4,Week everything nothing economic call prevent modern sport.,"['week', 'everything', 'nothing', 'economic', 'call', 'prevent', 'modern', 'sport']"
25/04/2018,439,P439,5,Buy ago easy direction four or skin.,"['buy', 'ago', 'easy', 'direction', 'four', 'or', 'skin']"
08/02/2018,440,P440,1,Hope brother goal whole.,"['hope', 'brother', 'goal', 'whole']"
10/01/2018,441,P441,3,Tend clear so camera must hear writer.,"['tend', 'clear', 'so', 'camera', 'must', 'hear', 'writer']"
19/06/2018,442,P442,3,Ago race direction social.,"['ago', 'race', 'direction', 'social']"
14/06/2018,443,P443,3,Campaign entire skin board meeting.,"['campaign', 'entire', 'skin', 'board', 'meeting']"
02/08/2018,444,P444,5,House several provide present.,"['house', 'several', 'provide', 'present']"
07/01/2018,445,P445,4,Subject piece cold imagine remember program nothing until.,"['subject', 'piece', 'cold', 'imagine', 'remember', 'program', 'nothing', 'until']"
25/05/2018,446,P446,1,Company camera maybe teach trade seem.,"['company', 'camera', 'maybe', 'teach', 'trade', 'seem']"
01/03/2018,447,P447,4,Three standard effort baby past across.,"['three', 'standard', 'effort', 'baby', 'past', 'across']"
05/02/2018,448,P448,5,Low plan friend ok seek impact arm window.,"['low', 'plan', 'friend', 'ok', 'seek', 'impact', 'arm', 'window']"
03/08/2018,449,P449,5,Trade scene home large order particular son.,"['trade', 'scene', 'home', 'large', 'order', 'particular', 'son']"
28/07/2018,450,P450,1,Form mouth act just.,"['form', 'mouth', 'act', 'just']"
02/01/2018,451,P451,4,Story talk reveal radio.,"['story', 'talk', 'reveal', 'radio']"
27/06/2018,452,P452,1,Space easy wait.,"['space', 'easy', 'wait']"
28/04/2018,453,P453,4,Lose sea true throw after camera teacher.,"['lose', 'sea', 'true', 'throw', 'after', 'camera', 'teacher']"
01/06/2018,454,P454,1,Wait section note job apply fall.,"['wait', 'section', 'note', 'job', 'apply', 'fall']"
21/06/2018,455,P455,5,Quickly history prevent effect specific whose eat allow.,"['quickly', 'history', 'prevent', 'effect', 'specific', 'whose', 'eat', 'allow']"
12/06/2018,456,P456,1,Television painting since defense yard fine six second.,"['television', 'painting', 'since', 'defense', 'yard', 'fine', 'six', 'second']"
25/04/2018,457,P457,2,Media amount paper local believe government.,"['media', 'amount', 'paper', 'local', 'believe', 'government']"
18/07/2018,458,P458,5,Hour capital property low.,"['hour', 'capital', 'property', 'low']"
15/06/2018,459,P459,3,Candidate service information traditional lead learn.,"['candidate', 'service', 'information', 'traditional', 'lead', 'learn']"
10/05/2018,460,P460,1,Wife focus play speak none not.,"['wife', 'focus', 'play', 'speak', 'none', 'not']"
10/06/2018,461,P461,5,Commercial old later rule newspaper foot.,"['commercial', 'old', 'later', 'rule', 'newspaper', 'foot']"
14/04/2018,462,P462,4,Goal onto national remember finish.,"['goal', 'onto', 'national', 'remember', 'finish']"
01/01/2018,463,P463,5,Memory individual wide space security edge least.,"['memory', 'individual', 'wide', 'space', 'security', 'edge', 'least']"
01/06/2018,464,P464,5,Drug single alone yet stock.,"['drug', 'single', 'alone', 'yet', 'stock']"
18/03/2018,465,P465,1,Sort kitchen since.,"['sort', 'kitchen', 'since']"
08/01/2018,466,P466,1,Lead reflect want smile last everybody.,"['lead', 'reflect', 'want', 'smile', 'last', 'everybody']"
14/06/2018,467,P467,3,Early head family morning often different.,"['early', 'head', 'family', 'morning', 'often', 'different']"
19/08/2018,468,P468,1,Which project share scene recognize decision and quality.,"['which', 'project', 'share', 'scene', 'recognize', 'decision', 'and', 'quality']"
30/04/2018,469,P469,4,Form local so though think ok culture wear.,"['form', 'local', 'so', 'though', 'think', 'ok', 'culture', 'wear']"
02/03/2018,470,P470,4,Usually fine give garden business food.,"['usually', 'fine', 'give', 'garden', 'business', 'food']"
18/07/2018,471,P471,5,Pattern prepare grow go speak.,"['pattern', 'prepare', 'grow', 'go', 'speak']"
28/07/2018,472,P472,2,Light necessary each any federal level food threat.,"['light', 'necessary', 'each', 'any', 'federal', 'level', 'food', 'threat']"
28/01/2018,473,P473,4,Statement ahead two raise about church.,"['statement', 'ahead', 'two', 'raise', 'about', 'church']"
21/06/2018,474,P474,2,Agree last use look hope baby.,"['agree', 'last', 'use', 'look', 'hope', 'baby']"
30/07/2018,475,P475,5,Customer writer maintain new business camera.,"['customer', 'writer', 'maintain', 'new', 'business', 'camera']"
14/04/2018,476,P476,1,Idea high idea fine.,"['idea', 'high', 'idea', 'fine']"
03/04/2018,477,P477,5,Board quickly which soldier.,"['board', 'quickly', 'which', 'soldier']"
20/07/2018,478,P478,3,Stuff player figure likely lead race morning.,"['stuff', 'player', 'figure', 'likely', 'lead', 'race', 'morning']"
07/01/2018,479,P479,2,Structure pretty church challenge professional test.,"['structure', 'pretty', 'church', 'challenge', 'professional', 'test']"
05/08/2018,480,P480,2,Today leave left good public real.,"['today', 'leave', 'left', 'good', 'public', 'real']"
14/08/2018,481,P481,3,Walk reason west month.,"['walk', 'reason', 'west', 'month']"
31/07/2018,482,P482,1,Nice part else huge project this.,"['nice', 'part', 'else', 'huge', 'project', 'this']"
15/02/2018,483,P483,1,According drug challenge leg difference.,"['according', 'drug', 'challenge', 'leg', 'difference']"
01/05/2018,484,P484,4,Need top high them.,"['need', 'top', 'high', 'them']"
21/08/2018,485,P485,1,Develop letter dog energy thing field Republican thing.,"['develop', 'letter', 'dog', 'energy', 'thing', 'field', 'republican', 'thing']"
22/08/2018,486,P486,2,Organization for try chair religious hotel.,"['organization', 'for', 'try', 'chair', 'religious', 'hotel']"
07/04/2018,487,P487,5,Number best space easy camera.,"['number', 'best', 'space', 'easy', 'camera']"
28/01/2018,488,P488,5,Major artist about unit figure letter.,"['major', 'artist', 'about', 'unit', 'figure', 'letter']"
01/07/2018,489,P489,3,Hit thousand impact require herself adult.,"['hit', 'thousand', 'impact', 'require', 'herself', 'adult']"
03/08/2018,490,P490,3,Drive or business.,"['drive', 'or', 'business']"
06/08/2018,491,P491,3,Throw individual daughter.,"['throw', 'individual', 'daughter']"
08/06/2018,492,P492,3,Candidate sometimes develop happy.,"['candidate', 'sometimes', 'develop', 'happy']"
17/07/2018,493,P493,4,Business wear box network.,"['business', 'wear', 'box', 'network']"
10/07/2018,494,P494,1,Sure physical interview on how.,"['sure', 'physical', 'interview', 'on', 'how']"
18/08/2018,495,P495,2,Add unit thought.,"['add', 'unit', 'thought']"
18/02/2018,496,P496,4,Court look town report mean.,"['court', 'look', 'town', 'report', 'mean']"
05/05/2018,497,P497,3,Would position party story key.,"['would', 'position', 'party', 'story', 'key']"
24/06/2018,498,P498,4,And president sound key in force wish.,"['and', 'president', 'sound', 'key', 'in', 'force', 'wish']"
08/04/2018,499,P499,2,Where form fly.,"['where', 'form', 'fly']"
15/02/2018,500,P500,4,Much power south name.,"['much', 'power', 'south', 'name']"
